John Doe,085799963463
Jane Smith,085799963464
Bob Johnson,085799963465
Alice Brown,085799963466
Charlie Wilson,085799963467
David Miller,085799963468
Eva Rodriguez,085799963469
Frank Thompson,085799963470
Grace Lee,085799963471
Henry Garcia,085799963472
Iris Johnson,085799963473
Jack Williams,085799963474
Karen Davis,085799963475
Louis Martinez,085799963476
Monica Taylor,085799963477
Nathan Anderson,085799963478
Olivia Thomas,085799963479
Paul Jackson,085799963480
Quinn White,085799963481
Rachel Harris,085799963482
Samuel Martin,085799963483
Tina Thompson,085799963484
Ulysses Garcia,085799963485
Victoria Rodriguez,085799963486
William Smith,085799963487
Xander Johnson,085799963488
Yvonne Brown,085799963489
Zachary Davis,085799963490
Amanda Wilson,085799963491
Benjamin Miller,085799963492
Catherine Lee,085799963493
Daniel Garcia,085799963494
Emily Martinez,085799963495
Frederick Taylor,085799963496
Gabriela Anderson,085799963497
Harrison Thomas,085799963498
Isabella Jackson,085799963499
James White,085799963500
Katherine Harris,085799963501
Leonardo Martin,085799963502
